Date,Price,Likes,Dislikes,Followers
2019-01-01,999.47,9001,401,15002
2019-01-02,998.94,9002,402,15004
2019-01-03,998.41,9003,403,15006
2019-01-04,997.88,9004,404,15008
2019-01-05,997.35,9005,405,15010
2019-01-06,996.82,9006,406,15012
2019-01-07,996.29,9007,407,15014
2019-01-08,995.76,9008,408,15016
2019-01-09,995.23,9009,409,15018
2019-01-10,994.7,9010,410,15020
2019-01-11,994.17,9011,411,15022
2019-01-12,993.64,9012,412,15024
2019-01-13,993.11,9013,413,15026
2019-01-14,992.58,9014,414,15028
2019-01-15,992.05,9015,415,15030
2019-01-16,991.52,9016,416,15032
2019-01-17,990.99,9017,417,15034
2019-01-18,990.46,9018,418,15036
2019-01-19,989.93,9019,419,15038
2019-01-20,989.4,9020,420,15040
2019-01-21,988.87,9021,421,15042
2019-01-22,988.34,9022,422,15044
2019-01-23,987.81,9023,423,15046
2019-01-24,987.28,9024,424,15048
2019-01-25,986.75,9025,425,15050
2019-01-26,986.22,9026,426,15052
2019-01-27,985.69,9027,427,15054
2019-01-28,985.16,9028,428,15056
2019-01-29,984.63,9029,429,15058
2019-01-30,984.1,9030,430,15060
2019-01-31,983.57,9031,431,15062
2019-02-01,983.04,9032,432,15064
2019-02-02,982.51,9033,433,15066
2019-02-03,981.98,9034,434,15068
2019-02-04,981.45,9035,435,15070
2019-02-05,980.92,9036,436,15072
2019-02-06,980.39,9037,437,15074
2019-02-07,979.86,9038,438,15076
2019-02-08,979.33,9039,439,15078
2019-02-09,978.8,9040,440,15080
2019-02-10,978.27,9041,441,15082
2019-02-11,977.74,9042,442,15084
2019-02-12,977.21,9043,443,15086
2019-02-13,976.68,9044,444,15088
2019-02-14,976.15,9045,445,15090
2019-02-15,975.62,9046,446,15092
2019-02-16,975.09,9047,447,15094
2019-02-17,974.56,9048,448,15096
2019-02-18,974.03,9049,449,15098
2019-02-19,973.5,9050,450,15100
2019-02-20,972.97,9051,451,15102
2019-02-21,972.44,9052,452,15104
2019-02-22,971.91,9053,453,15106
2019-02-23,971.38,9054,454,15108
2019-02-24,970.85,9055,455,15110
2019-02-25,970.32,9056,456,15112
2019-02-26,969.79,9057,457,15114
2019-02-27,969.26,9058,458,15116
2019-02-28,968.73,9059,459,15118
2019-03-01,968.2,9060,460,15120
2019-03-02,967.67,9061,461,15122
2019-03-03,967.14,9062,462,15124
2019-03-04,966.61,9063,463,15126
2019-03-05,966.08,9064,464,15128
2019-03-06,965.55,9065,465,15130
2019-03-07,965.02,9066,466,15132
2019-03-08,964.49,9067,467,15134
2019-03-09,963.96,9068,468,15136
2019-03-10,963.43,9069,469,15138
2019-03-11,962.9,9070,470,15140
2019-03-12,962.37,9071,471,15142
2019-03-13,961.84,9072,472,15144
2019-03-14,961.31,9073,473,15146
2019-03-15,960.78,9074,474,15148
2019-03-16,960.25,9075,475,15150
2019-03-17,959.72,9076,476,15152
2019-03-18,959.19,9077,477,15154
2019-03-19,958.66,9078,478,15156
2019-03-20,958.13,9079,479,15158
2019-03-21,957.6,9080,480,15160
2019-03-22,957.07,9081,481,15162
2019-03-23,956.54,9082,482,15164
2019-03-24,956.01,9083,483,15166
2019-03-25,955.48,9084,484,15168
2019-03-26,954.95,9085,485,15170
2019-03-27,954.42,9086,486,15172
2019-03-28,953.89,9087,487,15174
2019-03-29,953.36,9088,488,15176
2019-03-30,952.83,9089,489,15178
2019-03-31,952.3,9090,490,15180
2019-04-01,951.77,9091,491,15182
2019-04-02,951.24,9092,492,15184
2019-04-03,950.71,9093,493,15186
2019-04-04,950.18,9094,494,15188
2019-04-05,949.65,9095,495,15190
2019-04-06,949.12,9096,496,15192
2019-04-07,948.59,9097,497,15194
2019-04-08,948.06,9098,498,15196
2019-04-09,947.53,9099,499,15198
2019-04-10,947.0,9100,500,15200
2019-04-11,946.47,9101,501,15202
2019-04-12,945.94,9102,502,15204
2019-04-13,945.41,9103,503,15206
2019-04-14,944.88,9104,504,15208
2019-04-15,944.35,9105,505,15210
2019-04-16,943.82,9106,506,15212
2019-04-17,943.29,9107,507,15214
2019-04-18,942.76,9108,508,15216
2019-04-19,942.23,9109,509,15218
2019-04-20,941.7,9110,510,15220
2019-04-21,941.17,9111,511,15222
2019-04-22,940.64,9112,512,15224
2019-04-23,940.11,9113,513,15226
2019-04-24,939.58,9114,514,15228
2019-04-25,939.05,9115,515,15230
2019-04-26,938.52,9116,516,15232
2019-04-27,937.99,9117,517,15234
2019-04-28,937.46,9118,518,15236
2019-04-29,936.93,9119,519,15238
2019-04-30,936.4,9120,520,15240
2019-05-01,935.87,9121,521,15242
2019-05-02,935.34,9122,522,15244
2019-05-03,934.81,9123,523,15246
2019-05-04,934.28,9124,524,15248
2019-05-05,933.75,9125,525,15250
2019-05-06,933.22,9126,526,15252
2019-05-07,932.69,9127,527,15254
2019-05-08,932.16,9128,528,15256
2019-05-09,931.63,9129,529,15258
2019-05-10,931.1,9130,530,15260
2019-05-11,930.57,9131,531,15262
2019-05-12,930.04,9132,532,15264
2019-05-13,929.51,9133,533,15266
2019-05-14,928.98,9134,534,15268
2019-05-15,928.45,9135,535,15270
2019-05-16,927.92,9136,536,15272
2019-05-17,927.39,9137,537,15274
2019-05-18,926.86,9138,538,15276
2019-05-19,926.33,9139,539,15278
2019-05-20,925.8,9140,540,15280
2019-05-21,925.27,9141,541,15282
2019-05-22,924.74,9142,542,15284
2019-05-23,924.21,9143,543,15286
2019-05-24,923.68,9144,544,15288
2019-05-25,923.15,9145,545,15290
2019-05-26,922.62,9146,546,15292
2019-05-27,922.09,9147,547,15294
2019-05-28,921.56,9148,548,15296
2019-05-29,921.03,9149,549,15298
2019-05-30,920.5,9150,550,15300
2019-05-31,919.97,9151,551,15302
2019-06-01,919.44,9152,552,15304
2019-06-02,918.91,9153,553,15306
2019-06-03,918.38,9154,554,15308
2019-06-04,917.85,9155,555,15310
2019-06-05,917.32,9156,556,15312
2019-06-06,916.79,9157,557,15314
2019-06-07,916.26,9158,558,15316
2019-06-08,915.73,9159,559,15318
2019-06-09,915.2,9160,560,15320
2019-06-10,914.67,9161,561,15322
2019-06-11,914.14,9162,562,15324
2019-06-12,913.61,9163,563,15326
2019-06-13,913.08,9164,564,15328
2019-06-14,912.55,9165,565,15330
2019-06-15,912.02,9166,566,15332
2019-06-16,911.49,9167,567,15334
2019-06-17,910.96,9168,568,15336
2019-06-18,910.43,9169,569,15338
2019-06-19,909.9,9170,570,15340
2019-06-20,909.37,9171,571,15342
2019-06-21,908.84,9172,572,15344
2019-06-22,908.31,9173,573,15346
2019-06-23,907.78,9174,574,15348
2019-06-24,907.25,9175,575,15350
2019-06-25,906.72,9176,576,15352
2019-06-26,906.19,9177,577,15354
2019-06-27,905.66,9178,578,15356
2019-06-28,905.13,9179,579,15358
2019-06-29,904.6,9180,580,15360
2019-06-30,904.07,9181,581,15362
2019-07-01,903.54,9182,582,15364
2019-07-02,903.01,9183,583,15366
2019-07-03,902.48,9184,584,15368
2019-07-04,901.95,9185,585,15370
2019-07-05,901.42,9186,586,15372
2019-07-06,900.89,9187,587,15374
2019-07-07,900.36,9188,588,15376
2019-07-08,899.83,9189,589,15378
2019-07-09,899.3,9190,590,15380
2019-07-10,898.77,9191,591,15382
2019-07-11,898.24,9192,592,15384
2019-07-12,897.71,9193,593,15386
2019-07-13,897.18,9194,594,15388
2019-07-14,896.65,9195,595,15390
2019-07-15,896.12,9196,596,15392
2019-07-16,895.59,9197,597,15394
2019-07-17,895.06,9198,598,15396
2019-07-18,894.53,9199,599,15398
2019-07-19,894.0,9200,600,15400
2019-07-20,893.47,9201,601,15402
2019-07-21,892.94,9202,602,15404
2019-07-22,892.41,9203,603,15406
2019-07-23,891.88,9204,604,15408
2019-07-24,891.35,9205,605,15410
2019-07-25,890.82,9206,606,15412
2019-07-26,890.29,9207,607,15414
2019-07-27,889.76,9208,608,15416
2019-07-28,889.23,9209,609,15418
2019-07-29,888.7,9210,610,15420
2019-07-30,888.17,9211,611,15422
2019-07-31,887.64,9212,612,15424
2019-08-01,887.11,9213,613,15426
2019-08-02,886.58,9214,614,15428
2019-08-03,886.05,9215,615,15430
2019-08-04,885.52,9216,616,15432
2019-08-05,884.99,9217,617,15434
2019-08-06,884.46,9218,618,15436
2019-08-07,883.93,9219,619,15438
2019-08-08,883.4,9220,620,15440
2019-08-09,882.87,9221,621,15442
2019-08-10,882.34,9222,622,15444
2019-08-11,881.81,9223,623,15446
2019-08-12,881.28,9224,624,15448
2019-08-13,880.75,9225,625,15450
2019-08-14,880.22,9226,626,15452
2019-08-15,879.69,9227,627,15454
2019-08-16,879.16,9228,628,15456
2019-08-17,878.63,9229,629,15458
2019-08-18,878.1,9230,630,15460
2019-08-19,877.57,9231,631,15462
2019-08-20,877.04,9232,632,15464
2019-08-21,876.51,9233,633,15466
2019-08-22,875.98,9234,634,15468
2019-08-23,875.45,9235,635,15470
2019-08-24,874.92,9236,636,15472
2019-08-25,874.39,9237,637,15474
2019-08-26,873.86,9238,638,15476
2019-08-27,873.33,9239,639,15478
2019-08-28,872.8,9240,640,15480
2019-08-29,872.27,9241,641,15482
2019-08-30,871.74,9242,642,15484
2019-08-31,871.21,9243,643,15486
2019-09-01,870.68,9244,644,15488
2019-09-02,870.15,9245,645,15490
2019-09-03,869.62,9246,646,15492
2019-09-04,869.09,9247,647,15494
2019-09-05,868.56,9248,648,15496
2019-09-06,868.03,9249,649,15498
2019-09-07,867.5,9250,650,15500
2019-09-08,866.97,9251,651,15502
2019-09-09,866.44,9252,652,15504
2019-09-10,865.91,9253,653,15506
2019-09-11,865.38,9254,654,15508
2019-09-12,864.85,9255,655,15510
2019-09-13,864.32,9256,656,15512
2019-09-14,863.79,9257,657,15514
2019-09-15,863.26,9258,658,15516
2019-09-16,862.73,9259,659,15518
2019-09-17,862.2,9260,660,15520
2019-09-18,861.67,9261,661,15522
2019-09-19,861.14,9262,662,15524
2019-09-20,860.61,9263,663,15526
2019-09-21,860.08,9264,664,15528
2019-09-22,859.55,9265,665,15530
2019-09-23,859.02,9266,666,15532
2019-09-24,858.49,9267,667,15534
2019-09-25,857.96,9268,668,15536
2019-09-26,857.43,9269,669,15538
2019-09-27,856.9,9270,670,15540
2019-09-28,856.37,9271,671,15542
2019-09-29,855.84,9272,672,15544
2019-09-30,855.31,9273,673,15546
2019-10-01,859.59,9277,674,15549
2019-10-02,863.89,9281,675,15552
2019-10-03,868.21,9285,676,15555
2019-10-04,872.55,9289,677,15558
2019-10-05,876.91,9293,678,15561
2019-10-06,881.29,9297,679,15564
2019-10-07,885.7,9301,680,15567
2019-10-08,890.13,9305,681,15570
2019-10-09,894.58,9309,682,15573
2019-10-10,899.05,9313,683,15576
2019-10-11,903.55,9317,684,15579
2019-10-12,908.07,9321,685,15582
2019-10-13,912.61,9325,686,15585
2019-10-14,917.17,9329,687,15588
2019-10-15,921.76,9333,688,15591
2019-10-16,926.37,9337,689,15594
2019-10-17,931.0,9341,690,15597
2019-10-18,935.65,9345,691,15600
2019-10-19,940.33,9349,692,15603
2019-10-20,945.03,9353,693,15606
2019-10-21,949.76,9357,694,15609
2019-10-22,954.51,9361,695,15612
2019-10-23,959.28,9365,696,15615
2019-10-24,964.08,9369,697,15618
2019-10-25,968.9,9373,698,15621
2019-10-26,973.74,9377,699,15624
2019-10-27,978.61,9381,700,15627
2019-10-28,983.5,9385,701,15630
2019-10-29,988.42,9389,702,15633
2019-10-30,993.36,9393,703,15636
2019-10-31,998.33,9397,704,15639
2019-11-01,1003.32,9401,705,15642
2019-11-02,1008.34,9405,706,15645
2019-11-03,1013.38,9409,707,15648
2019-11-04,1018.45,9413,708,15651
2019-11-05,1023.54,9417,709,15654
2019-11-06,1028.66,9421,710,15657
2019-11-07,1033.8,9425,711,15660
2019-11-08,1038.97,9429,712,15663
2019-11-09,1044.16,9433,713,15666
2019-11-10,1049.38,9437,714,15669
2019-11-11,1054.63,9441,715,15672
2019-11-12,1059.9,9445,716,15675
2019-11-13,1065.2,9449,717,15678
2019-11-14,1070.53,9453,718,15681
2019-11-15,1075.88,9457,719,15684
2019-11-16,1081.26,9461,720,15687
2019-11-17,1086.67,9465,721,15690
2019-11-18,1092.1,9469,722,15693
2019-11-19,1097.56,9473,723,15696
2019-11-20,1103.05,9477,724,15699
2019-11-21,1108.57,9481,725,15702
2019-11-22,1114.11,9485,726,15705
2019-11-23,1119.68,9489,727,15708
2019-11-24,1125.28,9493,728,15711
2019-11-25,1130.91,9497,729,15714
2019-11-26,1136.56,9501,730,15717
2019-11-27,1142.24,9505,731,15720
2019-11-28,1147.95,9509,732,15723
2019-11-29,1153.69,9513,733,15726
2019-11-30,1159.46,9517,734,15729
2019-12-01,1165.26,9521,735,15732
2019-12-02,1171.09,9525,736,15735
2019-12-03,1176.95,9529,737,15738
2019-12-04,1182.83,9533,738,15741
2019-12-05,1188.74,9537,739,15744
2019-12-06,1194.68,9541,740,15747
2019-12-07,1200.65,9545,741,15750
2019-12-08,1206.65,9549,742,15753
2019-12-09,1212.68,9553,743,15756
2019-12-10,1218.74,9557,744,15759
2019-12-11,1224.83,9561,745,15762
2019-12-12,1230.95,9565,746,15765
2019-12-13,1237.1,9569,747,15768
2019-12-14,1243.29,9573,748,15771
2019-12-15,1249.51,9577,749,15774
2019-12-16,1255.76,9581,750,15777
2019-12-17,1262.04,9585,751,15780
2019-12-18,1268.35,9589,752,15783
2019-12-19,1274.69,9593,753,15786
2019-12-20,1281.06,9597,754,15789
2019-12-21,1287.47,9601,755,15792
2019-12-22,1293.91,9605,756,15795
2019-12-23,1300.38,9609,757,15798
2019-12-24,1306.88,9613,758,15801
2019-12-25,1313.41,9617,759,15804
2019-12-26,1319.98,9621,760,15807
2019-12-27,1326.58,9625,761,15810
2019-12-28,1333.21,9629,762,15813
2019-12-29,1339.88,9633,763,15816
2019-12-30,1346.58,9637,764,15819
2019-12-31,1353.31,9641,765,15822
2020-01-01,1362.78,9642,766,15824
2020-01-02,1372.32,9643,767,15826
2020-01-03,1381.93,9644,768,15828
2020-01-04,1391.6,9645,769,15830
2020-01-05,1401.34,9646,770,15832
2020-01-06,1411.15,9647,771,15834
2020-01-07,1421.03,9648,772,15836
2020-01-08,1430.98,9649,773,15838
2020-01-09,1441.0,9650,774,15840
2020-01-10,1451.09,9651,775,15842
2020-01-11,1461.25,9652,776,15844
2020-01-12,1471.48,9653,777,15846
2020-01-13,1481.78,9654,778,15848
2020-01-14,1492.15,9655,779,15850
2020-01-15,1502.6,9656,780,15852
2020-01-16,1513.12,9657,781,15854
2020-01-17,1523.71,9658,782,15856
2020-01-18,1534.38,9659,783,15858
2020-01-19,1545.12,9660,784,15860
2020-01-20,1555.94,9661,785,15862
2020-01-21,1566.83,9662,786,15864
2020-01-22,1577.8,9663,787,15866
2020-01-23,1588.84,9664,788,15868
2020-01-24,1599.96,9665,789,15870
2020-01-25,1611.16,9666,790,15872
2020-01-26,1622.44,9667,791,15874
2020-01-27,1633.8,9668,792,15876
2020-01-28,1645.24,9669,793,15878
2020-01-29,1656.76,9670,794,15880
2020-01-30,1668.36,9671,795,15882
2020-01-31,1680.04,9672,796,15884
2020-02-01,1691.8,9673,797,15886
2020-02-02,1703.64,9674,798,15888
2020-02-03,1715.57,9675,799,15890
2020-02-04,1727.58,9676,800,15892
2020-02-05,1739.67,9677,801,15894
2020-02-06,1751.85,9678,802,15896
2020-02-07,1764.11,9679,803,15898
2020-02-08,1776.46,9680,804,15900
2020-02-09,1788.9,9681,805,15902
2020-02-10,1801.42,9682,806,15904
2020-02-11,1814.03,9683,807,15906
2020-02-12,1826.73,9684,808,15908
2020-02-13,1839.52,9685,809,15910
2020-02-14,1852.4,9686,810,15912
2020-02-15,1865.37,9687,811,15914
2020-02-16,1878.43,9688,812,15916
2020-02-17,1891.58,9689,813,15918
2020-02-18,1904.82,9690,814,15920
2020-02-19,1918.15,9691,815,15922
2020-02-20,1931.58,9692,816,15924
2020-02-21,1945.1,9693,817,15926
2020-02-22,1958.72,9694,818,15928
2020-02-23,1972.43,9695,819,15930
2020-02-24,1986.24,9696,820,15932
2020-02-25,2000.14,9697,821,15934
2020-02-26,2014.14,9698,822,15936
2020-02-27,2028.24,9699,823,15938
2020-02-28,2042.44,9700,824,15940
2020-02-29,2056.74,9701,825,15942
2020-03-01,2071.14,9702,826,15944
2020-03-02,2085.64,9703,827,15946
2020-03-03,2100.24,9704,828,15948
2020-03-04,2114.94,9705,829,15950
2020-03-05,2129.74,9706,830,15952
2020-03-06,2144.65,9707,831,15954
2020-03-07,2159.66,9708,832,15956
2020-03-08,2174.78,9709,833,15958
2020-03-09,2190.0,9710,834,15960
2020-03-10,2205.33,9711,835,15962
2020-03-11,2220.77,9712,836,15964
2020-03-12,2236.32,9713,837,15966
2020-03-13,2251.97,9714,838,15968
2020-03-14,2267.73,9715,839,15970
2020-03-15,2283.6,9716,840,15972
2020-03-16,2299.59,9717,841,15974
2020-03-17,2315.69,9718,842,15976
2020-03-18,2331.9,9719,843,15978
2020-03-19,2348.22,9720,844,15980
2020-03-20,2364.66,9721,845,15982
2020-03-21,2381.21,9722,846,15984
2020-03-22,2397.88,9723,847,15986
2020-03-23,2414.67,9724,848,15988
2020-03-24,2431.57,9725,849,15990
2020-03-25,2448.59,9726,850,15992
2020-03-26,2465.73,9727,851,15994
2020-03-27,2482.99,9728,852,15996
2020-03-28,2500.37,9729,853,15998
2020-03-29,2517.87,9730,854,16000
2020-03-30,2535.5,9731,855,16002
2020-03-31,2553.25,9732,856,16004
2020-04-01,2571.12,9733,857,16006
2020-04-02,2589.12,9734,858,16008
2020-04-03,2607.24,9735,859,16010
2020-04-04,2625.49,9736,860,16012
2020-04-05,2643.87,9737,861,16014
2020-04-06,2662.38,9738,862,16016
2020-04-07,2681.02,9739,863,16018
2020-04-08,2699.79,9740,864,16020
2020-04-09,2718.69,9741,865,16022
2020-04-10,2737.72,9742,866,16024
2020-04-11,2756.88,9743,867,16026
2020-04-12,2776.18,9744,868,16028
2020-04-13,2795.61,9745,869,16030
2020-04-14,2815.18,9746,870,16032
2020-04-15,2834.89,9747,871,16034
2020-04-16,2854.73,9748,872,16036
2020-04-17,2874.71,9749,873,16038
2020-04-18,2894.83,9750,874,16040
2020-04-19,2915.09,9751,875,16042
2020-04-20,2935.5,9752,876,16044
2020-04-21,2956.05,9753,877,16046
2020-04-22,2976.74,9754,878,16048
2020-04-23,2997.58,9755,879,16050
2020-04-24,3018.56,9756,880,16052
2020-04-25,3039.69,9757,881,16054
2020-04-26,3060.97,9758,882,16056
2020-04-27,3082.4,9759,883,16058
2020-04-28,3103.98,9760,884,16060
2020-04-29,3125.71,9761,885,16062
2020-04-30,3147.59,9762,886,16064
2020-05-01,3169.62,9763,887,16066
2020-05-02,3191.81,9764,888,16068
2020-05-03,3214.15,9765,889,16070
2020-05-04,3236.65,9766,890,16072
2020-05-05,3259.31,9767,891,16074
2020-05-06,3282.13,9768,892,16076
2020-05-07,3305.1,9769,893,16078
2020-05-08,3328.24,9770,894,16080
2020-05-09,3351.54,9771,895,16082
2020-05-10,3375.0,9772,896,16084
2020-05-11,3398.62,9773,897,16086
2020-05-12,3422.41,9774,898,16088
2020-05-13,3446.37,9775,899,16090
2020-05-14,3470.49,9776,900,16092
2020-05-15,3494.78,9777,901,16094
2020-05-16,3519.24,9778,902,16096
2020-05-17,3543.87,9779,903,16098
2020-05-18,3568.68,9780,904,16100
2020-05-19,3593.66,9781,905,16102
2020-05-20,3618.82,9782,906,16104
2020-05-21,3644.15,9783,907,16106
2020-05-22,3669.66,9784,908,16108
2020-05-23,3695.35,9785,909,16110
2020-05-24,3721.22,9786,910,16112
2020-05-25,3747.27,9787,911,16114
2020-05-26,3773.5,9788,912,16116
2020-05-27,3799.91,9789,913,16118
2020-05-28,3826.51,9790,914,16120
2020-05-29,3853.3,9791,915,16122
2020-05-30,3880.27,9792,916,16124
2020-05-31,3907.43,9793,917,16126
2020-06-01,3934.78,9794,918,16128
2020-06-02,3962.32,9795,919,16130
2020-06-03,3990.06,9796,920,16132
2020-06-04,4017.99,9797,921,16134
2020-06-05,4046.12,9798,922,16136
2020-06-06,4074.44,9799,923,16138
2020-06-07,4102.96,9800,924,16140
2020-06-08,4131.68,9801,925,16142
2020-06-09,4160.6,9802,926,16144
2020-06-10,4189.72,9803,927,16146
2020-06-11,4219.05,9804,928,16148
2020-06-12,4248.58,9805,929,16150
2020-06-13,4278.32,9806,930,16152
2020-06-14,4308.27,9807,931,16154
2020-06-15,4338.43,9808,932,16156
2020-06-16,4368.8,9809,933,16158
2020-06-17,4399.38,9810,934,16160
2020-06-18,4430.18,9811,935,16162
2020-06-19,4461.19,9812,936,16164
2020-06-20,4492.42,9813,937,16166
2020-06-21,4523.87,9814,938,16168
2020-06-22,4555.54,9815,939,16170
2020-06-23,4587.43,9816,940,16172
2020-06-24,4619.54,9817,941,16174
2020-06-25,4651.88,9818,942,16176
2020-06-26,4684.44,9819,943,16178
2020-06-27,4717.23,9820,944,16180
2020-06-28,4750.25,9821,945,16182
2020-06-29,4783.5,9822,946,16184
2020-06-30,4816.98,9823,947,16186
2020-07-01,4850.7,9824,948,16188
2020-07-02,4884.65,9825,949,16190
2020-07-03,4918.84,9826,950,16192
2020-07-04,4953.27,9827,951,16194
2020-07-05,4987.94,9828,952,16196
2020-07-06,5022.86,9829,953,16198
2020-07-07,5058.02,9830,954,16200
2020-07-08,5093.43,9831,955,16202
2020-07-09,5129.08,9832,956,16204
2020-07-10,5164.98,9833,957,16206
2020-07-11,5201.13,9834,958,16208
2020-07-12,5237.54,9835,959,16210
2020-07-13,5274.2,9836,960,16212
2020-07-14,5311.12,9837,961,16214
2020-07-15,5348.3,9838,962,16216
2020-07-16,5385.74,9839,963,16218
2020-07-17,5423.44,9840,964,16220
2020-07-18,5461.4,9841,965,16222
2020-07-19,5499.63,9842,966,16224
2020-07-20,5538.13,9843,967,16226
2020-07-21,5576.9,9844,968,16228
2020-07-22,5615.94,9845,969,16230
2020-07-23,5655.25,9846,970,16232
2020-07-24,5694.84,9847,971,16234
2020-07-25,5734.7,9848,972,16236
2020-07-26,5774.84,9849,973,16238
2020-07-27,5815.26,9850,974,16240
2020-07-28,5855.97,9851,975,16242
2020-07-29,5896.96,9852,976,16244
2020-07-30,5938.24,9853,977,16246
2020-07-31,5979.81,9854,978,16248
2020-08-01,6021.67,9855,979,16250
2020-08-02,6063.82,9856,980,16252
2020-08-03,6106.27,9857,981,16254
2020-08-04,6149.01,9858,982,16256
2020-08-05,6192.05,9859,983,16258
2020-08-06,6235.39,9860,984,16260
2020-08-07,6279.04,9861,985,16262
2020-08-08,6322.99,9862,986,16264
2020-08-09,6367.25,9863,987,16266
2020-08-10,6411.82,9864,988,16268
2020-08-11,6456.7,9865,989,16270
2020-08-12,6501.9,9866,990,16272
2020-08-13,6547.41,9867,991,16274
2020-08-14,6593.24,9868,992,16276
2020-08-15,6639.39,9869,993,16278
2020-08-16,6685.87,9870,994,16280
2020-08-17,6732.67,9871,995,16282
2020-08-18,6779.8,9872,996,16284
2020-08-19,6827.26,9873,997,16286
2020-08-20,6875.05,9874,998,16288
2020-08-21,6923.18,9875,999,16290
2020-08-22,6971.64,9876,1000,16292
2020-08-23,7020.44,9877,1001,16294
2020-08-24,7069.58,9878,1002,16296
2020-08-25,7119.07,9879,1003,16298
2020-08-26,7168.9,9880,1004,16300
2020-08-27,7219.08,9881,1005,16302
2020-08-28,7269.61,9882,1006,16304
2020-08-29,7320.5,9883,1007,16306
2020-08-30,7371.74,9884,1008,16308
2020-08-31,7423.34,9885,1009,16310
2020-09-01,7475.3,9886,1010,16312
2020-09-02,7527.63,9887,1011,16314
2020-09-03,7580.32,9888,1012,16316
2020-09-04,7633.38,9889,1013,16318
2020-09-05,7686.81,9890,1014,16320
2020-09-06,7740.62,9891,1015,16322
2020-09-07,7794.8,9892,1016,16324
2020-09-08,7849.36,9893,1017,16326
2020-09-09,7904.31,9894,1018,16328
2020-09-10,7959.64,9895,1019,16330
2020-09-11,8015.36,9896,1020,16332
2020-09-12,8071.47,9897,1021,16334
2020-09-13,8127.97,9898,1022,16336
2020-09-14,8184.87,9899,1023,16338
2020-09-15,8242.16,9900,1024,16340
2020-09-16,8299.86,9901,1025,16342
2020-09-17,8357.96,9902,1026,16344
2020-09-18,8416.47,9903,1027,16346
2020-09-19,8475.39,9904,1028,16348
2020-09-20,8534.72,9905,1029,16350
2020-09-21,8594.46,9906,1030,16352
2020-09-22,8654.62,9907,1031,16354
2020-09-23,8715.2,9908,1032,16356
2020-09-24,8776.21,9909,1033,16358
2020-09-25,8837.64,9910,1034,16360
2020-09-26,8899.5,9911,1035,16362
2020-09-27,8961.8,9912,1036,16364
2020-09-28,9024.53,9913,1037,16366
2020-09-29,9087.7,9914,1038,16368
2020-09-30,9151.31,9915,1039,16370
2020-10-01,9197.07,9919,1040,16373
2020-10-02,9243.06,9923,1041,16376
2020-10-03,9289.28,9927,1042,16379
2020-10-04,9335.73,9931,1043,16382
2020-10-05,9382.41,9935,1044,16385
2020-10-06,9429.32,9939,1045,16388
2020-10-07,9476.47,9943,1046,16391
2020-10-08,9523.85,9947,1047,16394
2020-10-09,9571.47,9951,1048,16397
2020-10-10,9619.33,9955,1049,16400
2020-10-11,9667.43,9959,1050,16403
2020-10-12,9715.77,9963,1051,16406
2020-10-13,9764.35,9967,1052,16409
2020-10-14,9813.17,9971,1053,16412
2020-10-15,9862.24,9975,1054,16415
2020-10-16,9911.55,9979,1055,16418
2020-10-17,9961.11,9983,1056,16421
2020-10-18,10010.92,9987,1057,16424
2020-10-19,10060.97,9991,1058,16427
2020-10-20,10111.27,9995,1059,16430
2020-10-21,10161.83,9999,1060,16433
2020-10-22,10212.64,10003,1061,16436
2020-10-23,10263.7,10007,1062,16439
2020-10-24,10315.02,10011,1063,16442
2020-10-25,10366.6,10015,1064,16445
2020-10-26,10418.43,10019,1065,16448
2020-10-27,10470.52,10023,1066,16451
2020-10-28,10522.87,10027,1067,16454
2020-10-29,10575.48,10031,1068,16457
2020-10-30,10628.36,10035,1069,16460
2020-10-31,10681.5,10039,1070,16463
2020-11-01,10734.91,10043,1071,16466
2020-11-02,10788.58,10047,1072,16469
2020-11-03,10842.52,10051,1073,16472
2020-11-04,10896.73,10055,1074,16475
2020-11-05,10951.21,10059,1075,16478
2020-11-06,11005.97,10063,1076,16481
2020-11-07,11061.0,10067,1077,16484
2020-11-08,11116.3,10071,1078,16487
2020-11-09,11171.88,10075,1079,16490
2020-11-10,11227.74,10079,1080,16493
2020-11-11,11283.88,10083,1081,16496
2020-11-12,11340.3,10087,1082,16499
2020-11-13,11397.0,10091,1083,16502
2020-11-14,11453.98,10095,1084,16505
2020-11-15,11511.25,10099,1085,16508
2020-11-16,11568.81,10103,1086,16511
2020-11-17,11626.65,10107,1087,16514
2020-11-18,11684.78,10111,1088,16517
2020-11-19,11743.2,10115,1089,16520
2020-11-20,11801.92,10119,1090,16523
2020-11-21,11860.93,10123,1091,16526
2020-11-22,11920.23,10127,1092,16529
2020-11-23,11979.83,10131,1093,16532
2020-11-24,12039.73,10135,1094,16535
2020-11-25,12099.93,10139,1095,16538
2020-11-26,12160.43,10143,1096,16541
2020-11-27,12221.23,10147,1097,16544
2020-11-28,12282.34,10151,1098,16547
2020-11-29,12343.75,10155,1099,16550
2020-11-30,12405.47,10159,1100,16553
2020-12-01,12467.5,10163,1101,16556
2020-12-02,12529.84,10167,1102,16559
2020-12-03,12592.49,10171,1103,16562
2020-12-04,12655.45,10175,1104,16565
2020-12-05,12718.73,10179,1105,16568
2020-12-06,12782.32,10183,1106,16571
2020-12-07,12846.23,10187,1107,16574
2020-12-08,12910.46,10191,1108,16577
2020-12-09,12975.01,10195,1109,16580
2020-12-10,13039.89,10199,1110,16583
2020-12-11,13105.09,10203,1111,16586
2020-12-12,13170.62,10207,1112,16589
2020-12-13,13236.47,10211,1113,16592
2020-12-14,13302.65,10215,1114,16595
2020-12-15,13369.16,10219,1115,16598
2020-12-16,13436.01,10223,1116,16601
2020-12-17,13503.19,10227,1117,16604
2020-12-18,13570.71,10231,1118,16607
2020-12-19,13638.56,10235,1119,16610
2020-12-20,13706.75,10239,1120,16613
2020-12-21,13775.28,10243,1121,16616
2020-12-22,13844.16,10247,1122,16619
2020-12-23,13913.38,10251,1123,16622
2020-12-24,13982.95,10255,1124,16625
2020-12-25,14052.86,10259,1125,16628
2020-12-26,14123.12,10263,1126,16631
2020-12-27,14193.74,10267,1127,16634
2020-12-28,14264.71,10271,1128,16637
2020-12-29,14336.03,10275,1129,16640
2020-12-30,14407.71,10279,1130,16643
2020-12-31,14479.75,10283,1131,16646
2021-01-01,14478.69,10284,1132,16648
2021-01-02,14477.63,10285,1133,16650
2021-01-03,14476.57,10286,1134,16652
2021-01-04,14475.51,10287,1135,16654
2021-01-05,14474.45,10288,1136,16656
2021-01-06,14473.39,10289,1137,16658
2021-01-07,14472.33,10290,1138,16660
2021-01-08,14471.27,10291,1139,16662
2021-01-09,14470.21,10292,1140,16664
2021-01-10,14469.15,10293,1141,16666
2021-01-11,14468.09,10294,1142,16668
2021-01-12,14467.03,10295,1143,16670
2021-01-13,14465.97,10296,1144,16672
2021-01-14,14464.91,10297,1145,16674
2021-01-15,14463.85,10298,1146,16676
2021-01-16,14462.79,10299,1147,16678
2021-01-17,14461.73,10300,1148,16680
2021-01-18,14460.67,10301,1149,16682
2021-01-19,14459.61,10302,1150,16684
2021-01-20,14458.55,10303,1151,16686
2021-01-21,14457.49,10304,1152,16688
2021-01-22,14456.43,10305,1153,16690
2021-01-23,14455.37,10306,1154,16692
2021-01-24,14454.31,10307,1155,16694
2021-01-25,14453.25,10308,1156,16696
2021-01-26,14452.19,10309,1157,16698
2021-01-27,14451.13,10310,1158,16700
2021-01-28,14450.07,10311,1159,16702
2021-01-29,14449.01,10312,1160,16704
2021-01-30,14447.95,10313,1161,16706
2021-01-31,14446.89,10314,1162,16708
2021-02-01,14445.83,10315,1163,16710
2021-02-02,14444.77,10316,1164,16712
2021-02-03,14443.71,10317,1165,16714
2021-02-04,14442.65,10318,1166,16716
2021-02-05,14441.59,10319,1167,16718
2021-02-06,14440.53,10320,1168,16720
2021-02-07,14439.47,10321,1169,16722
2021-02-08,14438.41,10322,1170,16724
2021-02-09,14437.35,10323,1171,16726
2021-02-10,14436.29,10324,1172,16728
2021-02-11,14435.23,10325,1173,16730
2021-02-12,14434.17,10326,1174,16732
2021-02-13,14433.11,10327,1175,16734
2021-02-14,14432.05,10328,1176,16736
2021-02-15,14430.99,10329,1177,16738
2021-02-16,14429.93,10330,1178,16740
2021-02-17,14428.87,10331,1179,16742
2021-02-18,14427.81,10332,1180,16744
2021-02-19,14426.75,10333,1181,16746
2021-02-20,14425.69,10334,1182,16748
2021-02-21,14424.63,10335,1183,16750
2021-02-22,14423.57,10336,1184,16752
2021-02-23,14422.51,10337,1185,16754
2021-02-24,14421.45,10338,1186,16756
2021-02-25,14420.39,10339,1187,16758
2021-02-26,14419.33,10340,1188,16760
2021-02-27,14418.27,10341,1189,16762
2021-02-28,14417.21,10342,1190,16764
2021-03-01,14416.15,10343,1191,16766
2021-03-02,14415.09,10344,1192,16768
2021-03-03,14414.03,10345,1193,16770
2021-03-04,14412.97,10346,1194,16772
2021-03-05,14411.91,10347,1195,16774
2021-03-06,14410.85,10348,1196,16776
2021-03-07,14409.79,10349,1197,16778
2021-03-08,14408.73,10350,1198,16780
2021-03-09,14407.67,10351,1199,16782
2021-03-10,14406.61,10352,1200,16784
2021-03-11,14405.55,10353,1201,16786
2021-03-12,14404.49,10354,1202,16788
2021-03-13,14403.43,10355,1203,16790
2021-03-14,14402.37,10356,1204,16792
2021-03-15,14401.31,10357,1205,16794
2021-03-16,14400.25,10358,1206,16796
2021-03-17,14399.19,10359,1207,16798
2021-03-18,14398.13,10360,1208,16800
2021-03-19,14397.07,10361,1209,16802
2021-03-20,14396.01,10362,1210,16804
2021-03-21,14394.95,10363,1211,16806
2021-03-22,14393.89,10364,1212,16808
2021-03-23,14392.83,10365,1213,16810
2021-03-24,14391.77,10366,1214,16812
2021-03-25,14390.71,10367,1215,16814
2021-03-26,14389.65,10368,1216,16816
2021-03-27,14388.59,10369,1217,16818
2021-03-28,14387.53,10370,1218,16820
2021-03-29,14386.47,10371,1219,16822
2021-03-30,14385.41,10372,1220,16824
2021-03-31,14384.35,10373,1221,16826
2021-04-01,14383.29,10374,1222,16828
2021-04-02,14382.23,10375,1223,16830
2021-04-03,14381.17,10376,1224,16832
2021-04-04,14380.11,10377,1225,16834
2021-04-05,14379.05,10378,1226,16836
2021-04-06,14377.99,10379,1227,16838
2021-04-07,14376.93,10380,1228,16840
2021-04-08,14375.87,10381,1229,16842
2021-04-09,14374.81,10382,1230,16844
2021-04-10,14373.75,10383,1231,16846
2021-04-11,14372.69,10384,1232,16848
2021-04-12,14371.63,10385,1233,16850
2021-04-13,14370.57,10386,1234,16852
2021-04-14,14369.51,10387,1235,16854
2021-04-15,14368.45,10388,1236,16856
2021-04-16,14367.39,10389,1237,16858
2021-04-17,14366.33,10390,1238,16860
2021-04-18,14365.27,10391,1239,16862
2021-04-19,14364.21,10392,1240,16864
2021-04-20,14363.15,10393,1241,16866
2021-04-21,14362.09,10394,1242,16868
2021-04-22,14361.03,10395,1243,16870
2021-04-23,14359.97,10396,1244,16872
2021-04-24,14358.91,10397,1245,16874
2021-04-25,14357.85,10398,1246,16876
2021-04-26,14356.79,10399,1247,16878
2021-04-27,14355.73,10400,1248,16880
2021-04-28,14354.67,10401,1249,16882
2021-04-29,14353.61,10402,1250,16884
2021-04-30,14352.55,10403,1251,16886
2021-05-01,14351.49,10404,1252,16888
2021-05-02,14350.43,10405,1253,16890
2021-05-03,14349.37,10406,1254,16892
2021-05-04,14348.31,10407,1255,16894
2021-05-05,14347.25,10408,1256,16896
2021-05-06,14346.19,10409,1257,16898
2021-05-07,14345.13,10410,1258,16900
2021-05-08,14344.07,10411,1259,16902
2021-05-09,14343.01,10412,1260,16904
2021-05-10,14341.95,10413,1261,16906
2021-05-11,14340.89,10414,1262,16908
2021-05-12,14339.83,10415,1263,16910
2021-05-13,14338.77,10416,1264,16912
2021-05-14,14337.71,10417,1265,16914
2021-05-15,14336.65,10418,1266,16916
2021-05-16,14335.59,10419,1267,16918
2021-05-17,14334.53,10420,1268,16920
2021-05-18,14333.47,10421,1269,16922
2021-05-19,14332.41,10422,1270,16924
2021-05-20,14331.35,10423,1271,16926
2021-05-21,14330.29,10424,1272,16928
2021-05-22,14329.23,10425,1273,16930
2021-05-23,14328.17,10426,1274,16932
2021-05-24,14327.11,10427,1275,16934
2021-05-25,14326.05,10428,1276,16936
2021-05-26,14324.99,10429,1277,16938
2021-05-27,14323.93,10430,1278,16940
2021-05-28,14322.87,10431,1279,16942
2021-05-29,14321.81,10432,1280,16944
2021-05-30,14320.75,10433,1281,16946
2021-05-31,14319.69,10434,1282,16948
2021-06-01,14318.63,10435,1283,16950
2021-06-02,14317.57,10436,1284,16952
2021-06-03,14316.51,10437,1285,16954
2021-06-04,14315.45,10438,1286,16956
2021-06-05,14314.39,10439,1287,16958
2021-06-06,14313.33,10440,1288,16960
2021-06-07,14312.27,10441,1289,16962
2021-06-08,14311.21,10442,1290,16964
2021-06-09,14310.15,10443,1291,16966
2021-06-10,14309.09,10444,1292,16968
2021-06-11,14308.03,10445,1293,16970
2021-06-12,14306.97,10446,1294,16972
2021-06-13,14305.91,10447,1295,16974
2021-06-14,14304.85,10448,1296,16976
2021-06-15,14303.79,10449,1297,16978
2021-06-16,14302.73,10450,1298,16980
2021-06-17,14301.67,10451,1299,16982
2021-06-18,14300.61,10452,1300,16984
2021-06-19,14299.55,10453,1301,16986
2021-06-20,14298.49,10454,1302,16988
2021-06-21,14297.43,10455,1303,16990
2021-06-22,14296.37,10456,1304,16992
2021-06-23,14295.31,10457,1305,16994
2021-06-24,14294.25,10458,1306,16996
2021-06-25,14293.19,10459,1307,16998
2021-06-26,14292.13,10460,1308,17000
2021-06-27,14291.07,10461,1309,17002
2021-06-28,14290.01,10462,1310,17004
2021-06-29,14288.95,10463,1311,17006
2021-06-30,14287.89,10464,1312,17008
2021-07-01,14286.83,10465,1313,17010
2021-07-02,14285.77,10466,1314,17012
2021-07-03,14284.71,10467,1315,17014
2021-07-04,14283.65,10468,1316,17016
2021-07-05,14282.59,10469,1317,17018
2021-07-06,14281.53,10470,1318,17020
2021-07-07,14280.47,10471,1319,17022
2021-07-08,14279.41,10472,1320,17024
2021-07-09,14278.35,10473,1321,17026
2021-07-10,14277.29,10474,1322,17028
2021-07-11,14276.23,10475,1323,17030
2021-07-12,14275.17,10476,1324,17032
2021-07-13,14274.11,10477,1325,17034
2021-07-14,14273.05,10478,1326,17036
2021-07-15,14271.99,10479,1327,17038
2021-07-16,14270.93,10480,1328,17040
2021-07-17,14269.87,10481,1329,17042
2021-07-18,14268.81,10482,1330,17044
2021-07-19,14267.75,10483,1331,17046
2021-07-20,14266.69,10484,1332,17048
2021-07-21,14265.63,10485,1333,17050
2021-07-22,14264.57,10486,1334,17052
2021-07-23,14263.51,10487,1335,17054
2021-07-24,14262.45,10488,1336,17056
2021-07-25,14261.39,10489,1337,17058
2021-07-26,14260.33,10490,1338,17060
2021-07-27,14259.27,10491,1339,17062
2021-07-28,14258.21,10492,1340,17064
2021-07-29,14257.15,10493,1341,17066
2021-07-30,14256.09,10494,1342,17068
2021-07-31,14255.03,10495,1343,17070
2021-08-01,14253.97,10496,1344,17072
2021-08-02,14252.91,10497,1345,17074
2021-08-03,14251.85,10498,1346,17076
2021-08-04,14250.79,10499,1347,17078
2021-08-05,14249.73,10500,1348,17080
2021-08-06,14248.67,10501,1349,17082
2021-08-07,14247.61,10502,1350,17084
2021-08-08,14246.55,10503,1351,17086
2021-08-09,14245.49,10504,1352,17088
2021-08-10,14244.43,10505,1353,17090
2021-08-11,14243.37,10506,1354,17092
2021-08-12,14242.31,10507,1355,17094
2021-08-13,14241.25,10508,1356,17096
2021-08-14,14240.19,10509,1357,17098
2021-08-15,14239.13,10510,1358,17100
2021-08-16,14238.07,10511,1359,17102
2021-08-17,14237.01,10512,1360,17104
2021-08-18,14235.95,10513,1361,17106
2021-08-19,14234.89,10514,1362,17108
2021-08-20,14233.83,10515,1363,17110
2021-08-21,14232.77,10516,1364,17112
2021-08-22,14231.71,10517,1365,17114
2021-08-23,14230.65,10518,1366,17116
2021-08-24,14229.59,10519,1367,17118
2021-08-25,14228.53,10520,1368,17120
2021-08-26,14227.47,10521,1369,17122
2021-08-27,14226.41,10522,1370,17124
2021-08-28,14225.35,10523,1371,17126
2021-08-29,14224.29,10524,1372,17128
2021-08-30,14223.23,10525,1373,17130
2021-08-31,14222.17,10526,1374,17132
2021-09-01,14221.11,10527,1375,17134
2021-09-02,14220.05,10528,1376,17136
2021-09-03,14218.99,10529,1377,17138
2021-09-04,14217.93,10530,1378,17140
2021-09-05,14216.87,10531,1379,17142
2021-09-06,14215.81,10532,1380,17144
2021-09-07,14214.75,10533,1381,17146
2021-09-08,14213.69,10534,1382,17148
2021-09-09,14212.63,10535,1383,17150
2021-09-10,14211.57,10536,1384,17152
2021-09-11,14210.51,10537,1385,17154
2021-09-12,14209.45,10538,1386,17156
2021-09-13,14208.39,10539,1387,17158
2021-09-14,14207.33,10540,1388,17160
2021-09-15,14206.27,10541,1389,17162
2021-09-16,14205.21,10542,1390,17164
2021-09-17,14204.15,10543,1391,17166
2021-09-18,14203.09,10544,1392,17168
2021-09-19,14202.03,10545,1393,17170
2021-09-20,14200.97,10546,1394,17172
2021-09-21,14199.91,10547,1395,17174
2021-09-22,14198.85,10548,1396,17176
2021-09-23,14197.79,10549,1397,17178
2021-09-24,14196.73,10550,1398,17180
2021-09-25,14195.67,10551,1399,17182
2021-09-26,14194.61,10552,1400,17184
2021-09-27,14193.55,10553,1401,17186
2021-09-28,14192.49,10554,1402,17188
2021-09-29,14191.43,10555,1403,17190
2021-09-30,14190.37,10556,1404,17192
2021-10-01,14261.32,10560,1405,17195
2021-10-02,14332.63,10564,1406,17198
2021-10-03,14404.29,10568,1407,17201
2021-10-04,14476.31,10572,1408,17204
2021-10-05,14548.69,10576,1409,17207
2021-10-06,14621.43,10580,1410,17210
2021-10-07,14694.54,10584,1411,17213
2021-10-08,14768.01,10588,1412,17216
2021-10-09,14841.85,10592,1413,17219
2021-10-10,14916.06,10596,1414,17222
2021-10-11,14990.64,10600,1415,17225
2021-10-12,15065.59,10604,1416,17228
2021-10-13,15140.92,10608,1417,17231
2021-10-14,15216.62,10612,1418,17234
2021-10-15,15292.7,10616,1419,17237
2021-10-16,15369.16,10620,1420,17240
2021-10-17,15446.01,10624,1421,17243
2021-10-18,15523.24,10628,1422,17246
2021-10-19,15600.86,10632,1423,17249
2021-10-20,15678.86,10636,1424,17252
2021-10-21,15757.25,10640,1425,17255
2021-10-22,15836.04,10644,1426,17258
2021-10-23,15915.22,10648,1427,17261
2021-10-24,15994.8,10652,1428,17264
2021-10-25,16074.77,10656,1429,17267
2021-10-26,16155.14,10660,1430,17270
2021-10-27,16235.92,10664,1431,17273
2021-10-28,16317.1,10668,1432,17276
2021-10-29,16398.69,10672,1433,17279
2021-10-30,16480.68,10676,1434,17282
2021-10-31,16563.08,10680,1435,17285
2021-11-01,16645.9,10684,1436,17288
2021-11-02,16729.13,10688,1437,17291
2021-11-03,16812.78,10692,1438,17294
2021-11-04,16896.84,10696,1439,17297
2021-11-05,16981.32,10700,1440,17300
2021-11-06,17066.23,10704,1441,17303
2021-11-07,17151.56,10708,1442,17306
2021-11-08,17237.32,10712,1443,17309
2021-11-09,17323.51,10716,1444,17312
2021-11-10,17410.13,10720,1445,17315
2021-11-11,17497.18,10724,1446,17318
2021-11-12,17584.67,10728,1447,17321
2021-11-13,17672.59,10732,1448,17324
2021-11-14,17760.95,10736,1449,17327
2021-11-15,17849.75,10740,1450,17330
2021-11-16,17939.0,10744,1451,17333
2021-11-17,18028.69,10748,1452,17336
2021-11-18,18118.83,10752,1453,17339
2021-11-19,18209.42,10756,1454,17342
2021-11-20,18300.47,10760,1455,17345
2021-11-21,18391.97,10764,1456,17348
2021-11-22,18483.93,10768,1457,17351
2021-11-23,18576.35,10772,1458,17354
2021-11-24,18669.23,10776,1459,17357
2021-11-25,18762.58,10780,1460,17360
2021-11-26,18856.39,10784,1461,17363
2021-11-27,18950.67,10788,1462,17366
2021-11-28,19045.42,10792,1463,17369
2021-11-29,19140.65,10796,1464,17372
2021-11-30,19236.35,10800,1465,17375
2021-12-01,19332.53,10804,1466,17378
2021-12-02,19429.19,10808,1467,17381
2021-12-03,19526.34,10812,1468,17384
2021-12-04,19623.97,10816,1469,17387
2021-12-05,19722.09,10820,1470,17390
2021-12-06,19820.7,10824,1471,17393
2021-12-07,19919.8,10828,1472,17396
2021-12-08,20019.4,10832,1473,17399
2021-12-09,20119.5,10836,1474,17402
2021-12-10,20220.1,10840,1475,17405
2021-12-11,20321.2,10844,1476,17408
2021-12-12,20422.81,10848,1477,17411
2021-12-13,20524.92,10852,1478,17414
2021-12-14,20627.54,10856,1479,17417
2021-12-15,20730.68,10860,1480,17420
2021-12-16,20834.33,10864,1481,17423
2021-12-17,20938.5,10868,1482,17426
2021-12-18,21043.19,10872,1483,17429
2021-12-19,21148.41,10876,1484,17432
2021-12-20,21254.15,10880,1485,17435
2021-12-21,21360.42,10884,1486,17438
2021-12-22,21467.22,10888,1487,17441
2021-12-23,21574.56,10892,1488,17444
2021-12-24,21682.43,10896,1489,17447
2021-12-25,21790.84,10900,1490,17450
2021-12-26,21899.79,10904,1491,17453
2021-12-27,22009.29,10908,1492,17456
2021-12-28,22119.34,10912,1493,17459
2021-12-29,22229.94,10916,1494,17462
2021-12-30,22341.09,10920,1495,17465
2021-12-31,22452.8,10924,1496,17468
2022-01-01,22452.8,10924,1496,17468
2022-01-02,22452.8,10924,1496,17468
2022-01-03,22452.8,10924,1496,17468
2022-01-04,22452.8,10924,1496,17468
2022-01-05,22452.8,10924,1496,17468
2022-01-06,22452.8,10924,1496,17468
2022-01-07,22452.8,10924,1496,17468
2022-01-08,22452.8,10924,1496,17468
2022-01-09,22452.8,10924,1496,17468
2022-01-10,22452.8,10924,1496,17468
2022-01-11,22452.8,10924,1496,17468
2022-01-12,22452.8,10924,1496,17468
2022-01-13,22452.8,10924,1496,17468
2022-01-14,22452.8,10924,1496,17468
2022-01-15,22452.8,10924,1496,17468
2022-01-16,22452.8,10924,1496,17468
2022-01-17,22452.8,10924,1496,17468
2022-01-18,22452.8,10924,1496,17468
2022-01-19,22452.8,10924,1496,17468
2022-01-20,22452.8,10924,1496,17468
2022-01-21,22452.8,10924,1496,17468
2022-01-22,22452.8,10924,1496,17468
2022-01-23,22452.8,10924,1496,17468
2022-01-24,22452.8,10924,1496,17468
2022-01-25,22452.8,10924,1496,17468
2022-01-26,22452.8,10924,1496,17468
2022-01-27,22452.8,10924,1496,17468
2022-01-28,22452.8,10924,1496,17468
2022-01-29,22452.8,10924,1496,17468
2022-01-30,22452.8,10924,1496,17468
2022-01-31,22452.8,10924,1496,17468
2022-02-01,22452.8,10924,1496,17468
2022-02-02,22452.8,10924,1496,17468
2022-02-03,22452.8,10924,1496,17468
2022-02-04,22452.8,10924,1496,17468
2022-02-05,22452.8,10924,1496,17468
2022-02-06,22452.8,10924,1496,17468
2022-02-07,22452.8,10924,1496,17468
2022-02-08,22452.8,10924,1496,17468
2022-02-09,22452.8,10924,1496,17468
2022-02-10,22452.8,10924,1496,17468
2022-02-11,22452.8,10924,1496,17468
2022-02-12,22452.8,10924,1496,17468
2022-02-13,22452.8,10924,1496,17468
2022-02-14,22452.8,10924,1496,17468
2022-02-15,22452.8,10924,1496,17468
2022-02-16,22452.8,10924,1496,17468
2022-02-17,22452.8,10924,1496,17468
2022-02-18,22452.8,10924,1496,17468
2022-02-19,22452.8,10924,1496,17468
2022-02-20,22452.8,10924,1496,17468
2022-02-21,22452.8,10924,1496,17468
2022-02-22,22452.8,10924,1496,17468
2022-02-23,22452.8,10924,1496,17468
2022-02-24,22452.8,10924,1496,17468
2022-02-25,22452.8,10924,1496,17468
2022-02-26,22452.8,10924,1496,17468
2022-02-27,22452.8,10924,1496,17468
2022-02-28,22452.8,10924,1496,17468
2022-03-01,22452.8,10924,1496,17468
2022-03-02,22452.8,10924,1496,17468
2022-03-03,22452.8,10924,1496,17468
2022-03-04,22452.8,10924,1496,17468
2022-03-05,22452.8,10924,1496,17468
2022-03-06,22452.8,10924,1496,17468
2022-03-07,22452.8,10924,1496,17468
2022-03-08,22452.8,10924,1496,17468
2022-03-09,22452.8,10924,1496,17468
2022-03-10,22452.8,10924,1496,17468
2022-03-11,22452.8,10924,1496,17468
2022-03-12,22452.8,10924,1496,17468
2022-03-13,22452.8,10924,1496,17468
2022-03-14,22452.8,10924,1496,17468
2022-03-15,22452.8,10924,1496,17468
2022-03-16,22452.8,10924,1496,17468
2022-03-17,22452.8,10924,1496,17468
2022-03-18,22452.8,10924,1496,17468
2022-03-19,22452.8,10924,1496,17468
2022-03-20,22452.8,10924,1496,17468
2022-03-21,22452.8,10924,1496,17468
2022-03-22,22452.8,10924,1496,17468
2022-03-23,22452.8,10924,1496,17468
2022-03-24,22452.8,10924,1496,17468
2022-03-25,22452.8,10924,1496,17468
2022-03-26,22452.8,10924,1496,17468
2022-03-27,22452.8,10924,1496,17468
2022-03-28,22452.8,10924,1496,17468
2022-03-29,22452.8,10924,1496,17468
2022-03-30,22452.8,10924,1496,17468
2022-03-31,22452.8,10924,1496,17468
2022-04-01,22452.8,10924,1496,17468
2022-04-02,22452.8,10924,1496,17468
2022-04-03,22452.8,10924,1496,17468
2022-04-04,22452.8,10924,1496,17468
2022-04-05,22452.8,10924,1496,17468
2022-04-06,22452.8,10924,1496,17468
2022-04-07,22452.8,10924,1496,17468
2022-04-08,22452.8,10924,1496,17468
2022-04-09,22452.8,10924,1496,17468
2022-04-10,22452.8,10924,1496,17468
2022-04-11,22452.8,10924,1496,17468
2022-04-12,22452.8,10924,1496,17468
2022-04-13,22452.8,10924,1496,17468
2022-04-14,22452.8,10924,1496,17468
2022-04-15,22452.8,10924,1496,17468
2022-04-16,22452.8,10924,1496,17468
2022-04-17,22452.8,10924,1496,17468
2022-04-18,22452.8,10924,1496,17468
2022-04-19,22452.8,10924,1496,17468
2022-04-20,22452.8,10924,1496,17468
2022-04-21,22452.8,10924,1496,17468
2022-04-22,22452.8,10924,1496,17468
2022-04-23,22452.8,10924,1496,17468
2022-04-24,22452.8,10924,1496,17468
2022-04-25,22452.8,10924,1496,17468
2022-04-26,22452.8,10924,1496,17468
2022-04-27,22452.8,10924,1496,17468
2022-04-28,22452.8,10924,1496,17468
2022-04-29,22452.8,10924,1496,17468
2022-04-30,22452.8,10924,1496,17468
2022-05-01,22452.8,10924,1496,17468
2022-05-02,22452.8,10924,1496,17468
2022-05-03,22452.8,10924,1496,17468
2022-05-04,22452.8,10924,1496,17468
2022-05-05,22452.8,10924,1496,17468
2022-05-06,22452.8,10924,1496,17468
2022-05-07,22452.8,10924,1496,17468
2022-05-08,22452.8,10924,1496,17468
2022-05-09,22452.8,10924,1496,17468
2022-05-10,22452.8,10924,1496,17468
2022-05-11,22452.8,10924,1496,17468
2022-05-12,22452.8,10924,1496,17468
2022-05-13,22452.8,10924,1496,17468
2022-05-14,22452.8,10924,1496,17468
2022-05-15,22452.8,10924,1496,17468
2022-05-16,22452.8,10924,1496,17468
2022-05-17,22452.8,10924,1496,17468
2022-05-18,22452.8,10924,1496,17468
2022-05-19,22452.8,10924,1496,17468
2022-05-20,22452.8,10924,1496,17468
2022-05-21,22452.8,10924,1496,17468
2022-05-22,22452.8,10924,1496,17468
2022-05-23,22452.8,10924,1496,17468
2022-05-24,22452.8,10924,1496,17468
2022-05-25,22452.8,10924,1496,17468
2022-05-26,22452.8,10924,1496,17468
2022-05-27,22452.8,10924,1496,17468
2022-05-28,22452.8,10924,1496,17468
2022-05-29,22452.8,10924,1496,17468
2022-05-30,22452.8,10924,1496,17468
2022-05-31,22452.8,10924,1496,17468
2022-06-01,22452.8,10924,1496,17468
2022-06-02,22452.8,10924,1496,17468
2022-06-03,22452.8,10924,1496,17468
2022-06-04,22452.8,10924,1496,17468
2022-06-05,22452.8,10924,1496,17468
2022-06-06,22452.8,10924,1496,17468
2022-06-07,22452.8,10924,1496,17468
2022-06-08,22452.8,10924,1496,17468
2022-06-09,22452.8,10924,1496,17468
2022-06-10,22452.8,10924,1496,17468
2022-06-11,22452.8,10924,1496,17468
2022-06-12,22452.8,10924,1496,17468
2022-06-13,22452.8,10924,1496,17468
2022-06-14,22452.8,10924,1496,17468
2022-06-15,22452.8,10924,1496,17468
2022-06-16,22452.8,10924,1496,17468
2022-06-17,22452.8,10924,1496,17468
2022-06-18,22452.8,10924,1496,17468
2022-06-19,22452.8,10924,1496,17468
2022-06-20,22452.8,10924,1496,17468
2022-06-21,22452.8,10924,1496,17468
2022-06-22,22452.8,10924,1496,17468
2022-06-23,22452.8,10924,1496,17468
2022-06-24,22452.8,10924,1496,17468
2022-06-25,22452.8,10924,1496,17468
2022-06-26,22452.8,10924,1496,17468
2022-06-27,22452.8,10924,1496,17468
2022-06-28,22452.8,10924,1496,17468
2022-06-29,22452.8,10924,1496,17468
2022-06-30,22452.8,10924,1496,17468
2022-07-01,22452.8,10924,1496,17468
2022-07-02,22452.8,10924,1496,17468
2022-07-03,22452.8,10924,1496,17468
2022-07-04,22452.8,10924,1496,17468
2022-07-05,22452.8,10924,1496,17468
2022-07-06,22452.8,10924,1496,17468
2022-07-07,22452.8,10924,1496,17468
2022-07-08,22452.8,10924,1496,17468
2022-07-09,22452.8,10924,1496,17468
2022-07-10,22452.8,10924,1496,17468
2022-07-11,22452.8,10924,1496,17468
2022-07-12,22452.8,10924,1496,17468
2022-07-13,22452.8,10924,1496,17468
2022-07-14,22452.8,10924,1496,17468
2022-07-15,22452.8,10924,1496,17468
2022-07-16,22452.8,10924,1496,17468
2022-07-17,22452.8,10924,1496,17468
2022-07-18,22452.8,10924,1496,17468
2022-07-19,22452.8,10924,1496,17468
2022-07-20,22452.8,10924,1496,17468
2022-07-21,22452.8,10924,1496,17468
2022-07-22,22452.8,10924,1496,17468
2022-07-23,22452.8,10924,1496,17468
2022-07-24,22452.8,10924,1496,17468
2022-07-25,22452.8,10924,1496,17468
2022-07-26,22452.8,10924,1496,17468
2022-07-27,22452.8,10924,1496,17468
2022-07-28,22452.8,10924,1496,17468
2022-07-29,22452.8,10924,1496,17468
2022-07-30,22452.8,10924,1496,17468
2022-07-31,22452.8,10924,1496,17468
2022-08-01,22452.8,10924,1496,17468
2022-08-02,22452.8,10924,1496,17468
2022-08-03,22452.8,10924,1496,17468
2022-08-04,22452.8,10924,1496,17468
2022-08-05,22452.8,10924,1496,17468
2022-08-06,22452.8,10924,1496,17468
2022-08-07,22452.8,10924,1496,17468
2022-08-08,22452.8,10924,1496,17468
2022-08-09,22452.8,10924,1496,17468
2022-08-10,22452.8,10924,1496,17468
2022-08-11,22452.8,10924,1496,17468
2022-08-12,22452.8,10924,1496,17468
2022-08-13,22452.8,10924,1496,17468
2022-08-14,22452.8,10924,1496,17468
2022-08-15,22452.8,10924,1496,17468
2022-08-16,22452.8,10924,1496,17468
2022-08-17,22452.8,10924,1496,17468
2022-08-18,22452.8,10924,1496,17468
2022-08-19,22452.8,10924,1496,17468
2022-08-20,22452.8,10924,1496,17468
2022-08-21,22452.8,10924,1496,17468
2022-08-22,22452.8,10924,1496,17468
2022-08-23,22452.8,10924,1496,17468
2022-08-24,22452.8,10924,1496,17468
2022-08-25,22452.8,10924,1496,17468
2022-08-26,22452.8,10924,1496,17468
2022-08-27,22452.8,10924,1496,17468
2022-08-28,22452.8,10924,1496,17468
2022-08-29,22452.8,10924,1496,17468
2022-08-30,22452.8,10924,1496,17468
2022-08-31,22452.8,10924,1496,17468
2022-09-01,22452.8,10924,1496,17468
2022-09-02,22452.8,10924,1496,17468
2022-09-03,22452.8,10924,1496,17468
2022-09-04,22452.8,10924,1496,17468
2022-09-05,22452.8,10924,1496,17468
2022-09-06,22452.8,10924,1496,17468
2022-09-07,22452.8,10924,1496,17468
2022-09-08,22452.8,10924,1496,17468
2022-09-09,22452.8,10924,1496,17468
2022-09-10,22452.8,10924,1496,17468
2022-09-11,22452.8,10924,1496,17468
2022-09-12,22452.8,10924,1496,17468
2022-09-13,22452.8,10924,1496,17468
2022-09-14,22452.8,10924,1496,17468
2022-09-15,22452.8,10924,1496,17468
2022-09-16,22452.8,10924,1496,17468
2022-09-17,22452.8,10924,1496,17468
2022-09-18,22452.8,10924,1496,17468
2022-09-19,22452.8,10924,1496,17468
2022-09-20,22452.8,10924,1496,17468
2022-09-21,22452.8,10924,1496,17468
2022-09-22,22452.8,10924,1496,17468
2022-09-23,22452.8,10924,1496,17468
2022-09-24,22452.8,10924,1496,17468
2022-09-25,22452.8,10924,1496,17468
2022-09-26,22452.8,10924,1496,17468
2022-09-27,22452.8,10924,1496,17468
2022-09-28,22452.8,10924,1496,17468
2022-09-29,22452.8,10924,1496,17468
2022-09-30,22452.8,10924,1496,17468
2022-10-01,22452.8,10924,1496,17468
2022-10-02,22452.8,10924,1496,17468
2022-10-03,22452.8,10924,1496,17468
2022-10-04,22452.8,10924,1496,17468
2022-10-05,22452.8,10924,1496,17468
2022-10-06,22452.8,10924,1496,17468
2022-10-07,22452.8,10924,1496,17468
2022-10-08,22452.8,10924,1496,17468
2022-10-09,22452.8,10924,1496,17468
2022-10-10,22452.8,10924,1496,17468
2022-10-11,22452.8,10924,1496,17468
2022-10-12,22452.8,10924,1496,17468
2022-10-13,22452.8,10924,1496,17468
2022-10-14,22452.8,10924,1496,17468
2022-10-15,22452.8,10924,1496,17468
2022-10-16,22452.8,10924,1496,17468
2022-10-17,22452.8,10924,1496,17468
2022-10-18,22452.8,10924,1496,17468
2022-10-19,22452.8,10924,1496,17468
2022-10-20,22452.8,10924,1496,17468
2022-10-21,22452.8,10924,1496,17468
2022-10-22,22452.8,10924,1496,17468
2022-10-23,22452.8,10924,1496,17468
2022-10-24,22452.8,10924,1496,17468
2022-10-25,22452.8,10924,1496,17468
2022-10-26,22452.8,10924,1496,17468
2022-10-27,22452.8,10924,1496,17468
2022-10-28,22452.8,10924,1496,17468
2022-10-29,22452.8,10924,1496,17468
2022-10-30,22452.8,10924,1496,17468
2022-10-31,22452.8,10924,1496,17468
2022-11-01,22452.8,10924,1496,17468
2022-11-02,22452.8,10924,1496,17468
2022-11-03,22452.8,10924,1496,17468
2022-11-04,22452.8,10924,1496,17468
2022-11-05,22452.8,10924,1496,17468
2022-11-06,22452.8,10924,1496,17468
2022-11-07,22452.8,10924,1496,17468
2022-11-08,22452.8,10924,1496,17468
2022-11-09,22452.8,10924,1496,17468
2022-11-10,22452.8,10924,1496,17468
2022-11-11,22452.8,10924,1496,17468
2022-11-12,22452.8,10924,1496,17468
2022-11-13,22452.8,10924,1496,17468
2022-11-14,22452.8,10924,1496,17468
2022-11-15,22452.8,10924,1496,17468
2022-11-16,22452.8,10924,1496,17468
2022-11-17,22452.8,10924,1496,17468
2022-11-18,22452.8,10924,1496,17468
2022-11-19,22452.8,10924,1496,17468
2022-11-20,22452.8,10924,1496,17468
2022-11-21,22452.8,10924,1496,17468
2022-11-22,22452.8,10924,1496,17468
2022-11-23,22452.8,10924,1496,17468
2022-11-24,22452.8,10924,1496,17468
2022-11-25,22452.8,10924,1496,17468
2022-11-26,22452.8,10924,1496,17468
2022-11-27,22452.8,10924,1496,17468
2022-11-28,22452.8,10924,1496,17468
2022-11-29,22452.8,10924,1496,17468
2022-11-30,22452.8,10924,1496,17468
2022-12-01,22452.8,10924,1496,17468
2022-12-02,22452.8,10924,1496,17468
2022-12-03,22452.8,10924,1496,17468
2022-12-04,22452.8,10924,1496,17468
2022-12-05,22452.8,10924,1496,17468
2022-12-06,22452.8,10924,1496,17468
2022-12-07,22452.8,10924,1496,17468
2022-12-08,22452.8,10924,1496,17468
2022-12-09,22452.8,10924,1496,17468
2022-12-10,22452.8,10924,1496,17468
2022-12-11,22452.8,10924,1496,17468
2022-12-12,22452.8,10924,1496,17468
2022-12-13,22452.8,10924,1496,17468
2022-12-14,22452.8,10924,1496,17468
2022-12-15,22452.8,10924,1496,17468
2022-12-16,22452.8,10924,1496,17468
2022-12-17,22452.8,10924,1496,17468
2022-12-18,22452.8,10924,1496,17468
2022-12-19,22452.8,10924,1496,17468
2022-12-20,22452.8,10924,1496,17468
2022-12-21,22452.8,10924,1496,17468
2022-12-22,22452.8,10924,1496,17468
2022-12-23,22452.8,10924,1496,17468
2022-12-24,22452.8,10924,1496,17468
2022-12-25,22452.8,10924,1496,17468
2022-12-26,22452.8,10924,1496,17468
2022-12-27,22452.8,10924,1496,17468
2022-12-28,22452.8,10924,1496,17468
2022-12-29,22452.8,10924,1496,17468
2022-12-30,22452.8,10924,1496,17468
2022-12-31,22452.8,10924,1496,17468
